"id","uid","timestamp"
"635518f7-4f6f-4985-b732-d46f21e15094","4","2024-02-14T21:49:10.059642+00:00"
"0063e42f-14aa-451c-a69c-fb85d432f8db","4","2024-02-05T16:11:26.192255+00:00"
"3d4a5d51-28fa-4d04-959b-5975b2d650af","5","2024-01-14T09:15:38.880234+00:00"
"e01bbf50-b5d9-4ef7-a0ef-147172b8ff39","2","2024-02-10T10:14:09.964624+00:00"
"66faf989-0813-4d58-aa16-89addfe1b307","3","2024-02-22T07:13:50.717461+00:00"
"a985ab61-c5ad-4681-ab10-e53a9145de05","3","2024-02-12T12:58:06.572216+00:00"
"425cb200-105a-4a6b-b202-99e32a69acc7","3","2024-02-12T02:10:59.110826+00:00"
"7cbd7025-e28b-49ff-870f-084c7244f536","3","2024-02-24T11:34:37.711475+00:00"
"e245a460-0004-484c-8167-733f9a9e4310","5","2024-01-03T08:01:50.355025+00:00"
"77863fe5-d675-4bf7-8fe3-0c9a53710f57","1","2024-01-03T23:47:38.620536+00:00"
"cffa6cdd-f963-47ef-a001-11e5d29dc5df","4","2024-01-25T21:47:51.926414+00:00"
"a2121ac5-f689-44a5-bfda-03368c6e9037","1","2024-02-28T17:08:34.977811+00:00"
"fca05536-2169-4f82-b9bd-ee2dd663049d","4","2024-01-01T21:12:36.607751+00:00"
"50f0fc2b-6ae0-4d52-adb3-28cbf3158c0c","5","2024-01-01T04:53:08.322249+00:00"
"009a815b-c137-4be5-b7a2-8e0a03a89879","5","2024-02-28T19:33:07.247333+00:00"
"19086515-9cb0-47c1-8741-ae91acfebb4b","3","2024-01-12T10:15:44.088177+00:00"
"dfa7c6ed-32d1-481b-a636-425c9bbd750d","4","2024-01-19T03:28:44.467500+00:00"
"19a5711b-2ea6-4b99-ba7f-f8bfb044284a","1","2024-01-29T12:52:18.329006+00:00"
"14d30dbc-a0ac-44c9-a58d-e17eec3aa314","4","2024-01-02T07:27:27.046203+00:00"
"cad6e514-ccc1-4d51-b3f6-60d8e9f41cc0","1","2024-01-07T22:43:20.287801+00:00"
"8557716a-a750-4a81-a227-d96d41a93f90","1","2024-02-19T00:52:23.551620+00:00"
"df3277fd-1d77-4e40-98d8-7776a51ad4f3","2","2024-01-10T06:23:37.514928+00:00"
"0a68e88e-0ad4-4415-84c1-4982d9ead926","4","2024-01-13T08:15:33.873893+00:00"
"f24dfdd8-5091-4bdc-8ef0-66d44279b14d","2","2024-01-23T00:19:37.080146+00:00"
"0ac0cf0d-d974-4146-a8ec-01b3914591ae","2","2024-02-20T18:45:28.987281+00:00"
"a7c5cb87-9b8b-41a1-b38a-05fbf61164ce","5","2024-01-30T16:03:33.240285+00:00"
"a3e04b3b-756b-4715-a718-0322a4e695c9","4","2024-01-27T03:02:03.726169+00:00"
"35354579-2da4-4da1-89b5-b368df14c612","5","2024-01-23T12:50:00.755744+00:00"
"26a97465-2371-4a2c-8247-145f4a814d53","4","2024-01-17T06:46:39.594352+00:00"
"b7ef941c-5e00-4a6d-8a24-be4d56672017","5","2024-01-06T14:56:19.647770+00:00"
"0a8c46c7-0921-4f4f-9edb-95f2c787ddfb","4","2024-01-17T04:15:20.908563+00:00"
"4a1eb1b7-955d-4e77-bb5e-b8662640211e","4","2024-01-22T15:42:19.512301+00:00"
"4b1cb8bd-2130-460c-8c69-778ffd42f697","4","2024-01-07T21:27:02.888931+00:00"
"0c5a876f-ef0a-41ed-bd5d-60bcbb0378eb","4","2024-01-19T11:20:48.379362+00:00"
"122411e6-ba89-42dd-85e6-9ea9db66bfda","5","2024-01-19T03:50:44.402080+00:00"
"6a2b3200-4c9a-4ae1-9419-eefcd5e73e3f","2","2024-01-07T12:27:28.828026+00:00"
"79585e69-7b2e-4b82-a89d-c8158f928dc5","3","2024-01-21T05:23:45.205803+00:00"
"57f98d1e-cff4-456b-b9ea-2c64cc417e7c","1","2024-01-08T11:01:39.650039+00:00"
"6d316b4a-7f6b-4793-b318-ad4c1db2b452","2","2024-01-03T06:28:01.546369+00:00"
"e4f7625e-afe6-490a-bc18-a40b55c7ed9d","1","2024-01-10T08:09:22.542078+00:00"
"60257199-9082-4eda-a072-2aa02aa36cf7","5","2024-02-18T08:48:37.474931+00:00"
"10da8a95-1640-4169-a38d-8afcfdd2ed7a","5","2024-02-18T11:11:32.195051+00:00"
"0fa7ee05-3897-4df5-bff7-73ce32b2c492","1","2024-01-24T02:07:44.507974+00:00"
"84dd6da6-8e75-4eb7-a4d0-9913191b8adf","5","2024-01-18T09:20:30.781619+00:00"
"95bb440d-c9cd-4af9-bd16-1f29eb8f2056","3","2024-02-12T20:44:41.901076+00:00"
"5e4af862-156a-4458-ac4c-3935379deda1","5","2024-01-14T04:59:54.468213+00:00"
"c6f00933-95d1-4051-82cb-6d1dffc573d5","4","2024-01-10T23:52:36.319992+00:00"
"1058fe8c-1d71-43e5-9bc7-fdeb31234efe","3","2024-02-19T07:39:07.082392+00:00"
"e72bb5b7-0712-4911-b3b6-8b57da54f267","5","2024-02-01T13:10:28.134472+00:00"
"1e70e799-33a1-41c2-ad4a-b155c09fcd8f","5","2024-01-30T19:48:20.968917+00:00"
